Venue,Venue
Conference on Empirical Methods in Natural Language Processing,18
International Conference on Computational Linguistics,16
Conference on Empirical Methods in Natural Language Processing (EMNLP),10
Conference of the North American Chapter of the Association for Computational Linguistics: Human Language Technologies,9
Annual Meeting of the Association for Computational Linguistics,8
Findings of the Association for Computational Linguistics: EMNLP 2021,7
Proceedings of the Twelfth Language Resources and Evaluation Conference,7
Annual Meeting of the Association for Computational Linguistics (Volume 1: Long Papers),5
Annual Meeting of the Association for Computational Linguistics and the 11th International Joint Conference on Natural Language Processing (Volume 1: Long Papers),5
Proceedings of the International Conference on Recent Advances in Natural Language Processing (RANLP 2021),5
"Conference of the North {A}merican Chapter of the Association for Computational Linguistics: Human Language Technologies, Volume 1 (Long Papers)",5
Proceedings of the Thirteenth Language Resources and Evaluation Conference,4
Workshop on {NLP} for {COVID}-19 (Part 2) at {EMNLP} 2020,4
Conference of the European Chapter of the Association for Computational Linguistics: Main Volume,4
"Joint {SIGHUM} Workshop on Computational Linguistics for Cultural Heritage, Social Sciences, Humanities and Literature",3
Workshop on Widening NLP,3
Proceedings of the International Conference on Recent Advances in Natural Language Processing (RANLP 2019),3
Findings of the Association for Computational Linguistics: ACL-IJCNLP 2021,3
"Conference of the {E}uropean Chapter of the Association for Computational Linguistics: Volume 1, Long Papers",3
"Conference of the {E}uropean Chapter of the Association for Computational Linguistics: Volume 2, Short Papers",3
Proceedings of the Workshop on Natural Language Processing for Digital Humanities,2
Conference on Empirical Methods in Natural Language Processing: Tutorial Abstracts,2
Findings of the Association for Computational Linguistics: ACL 2022,2
Workshop on Argument Mining,2
Annual Meeting of the Association for Computational Linguistics and the 11th International Joint Conference on Natural Language Processing: Student Research Workshop,2
Proceedings of the Workshop ParlaCLARIN III within the 13th Language Resources and Evaluation Conference,2
Proceedings of the Third Workshop on Economics and Natural Language Processing,2
"Joint SIGHUM Workshop on Computational Linguistics for Cultural Heritage, Social Sciences, Humanities and Literature",2
"Workshop on Computational Approaches to Subjectivity, Sentiment and Social Media Analysis",2
"Proceedings of the Workshop MultiLing 2019: Summarization Across Languages, Genres and Sources",1
Actes de la Conf{'e}rence sur le Traitement Automatique des Langues Naturelles (TALN) PFIA 2019. Volume I : Articles longs,1
Proceedings of the Third Workshop on Narrative Understanding,1
"Proceedings of the Third Workshop on Computational Modeling of People's Opinions, Personality, and Emotion's in Social Media",1
"Proceedings of the The 4th Joint SIGHUM Workshop on Computational Linguistics for Cultural Heritage, Social Sciences, Humanities and Literature",1
Proceedings of the The 19th Annual Workshop of the Australasian Language Technology Association,1
Proceedings of the Sixth Workshop on Noisy User-generated Text (W-NUT 2020),1
Proceedings of the Workshop on Ethical and Legal Issues in Human Language Technologies and Multilingual De-Identification of Sensitive Data In Language Resources within the 13th Language Resources and Evaluation Conference,1
Workshop on Gender Bias in Natural Language Processing (GeBNLP),1
Proceedings of the Workshop on New Frontiers in Summarization,1
Proceedings of the workshop on Cross-Language Search and Summarization of Text and Speech (CLSSTS2020),1
Proceedings of the {B}io{NLP} 2018 workshop,1
Proceedings of the {M}ulti{L}ing 2017 Workshop on Summarization and Summary Evaluation Across Source Types and Genres,1
Workshop on Challenges and Applications of Automated Extraction of Socio-political Events from Text (CASE 2021),1
Workshop on Computational Approaches to Historical Language Change,1
Proceedings of the Second Workshop on Scholarly Document Processing,1
Workshop on Innovative Use of NLP for Building Educational Applications (BEA 2022),1
Workshop on Language Technologies for Government and Public Administration (LT4Gov),1
Workshop on NLP for Music and Audio (NLP4MusA),1
Workshop on Natural Language Processing Techniques for Educational Applications,1
Workshop on Noisy User-generated Text,1
Workshop on Representation Learning for NLP (RepL4NLP-2021),1
Workshop on {NLP} for {COVID-19} at {ACL} 2020,1
Proceedings of the Seventh Workshop on Computational Linguistics and Clinical Psychology: Improving Access,1
Proceedings of the Fourth Workshop on Natural Language Processing and Computational Social Science,1
Proceedings of the Second Workshop on Gender Bias in Natural Language Processing,1
Proceedings of the Second Workshop on Domain Adaptation for NLP,1
Annual Meeting of the Association for Computational Linguistics (Volume 2: Short Papers),1
Annual Meeting of the Association for Computational Linguistics and the 11th International Joint Conference on Natural Language Processing (Volume 2: Short Papers),1
Annual Meeting of the Association for Computational Linguistics: Student Research Workshop,1
Chinese National Conference on Computational Linguistics,1
Conference of the Asia-Pacific Chapter of the Association for Computational Linguistics and the 10th International Joint Conference on Natural Language Processing,1
Conference of the European Chapter of the Association for Computational Linguistics: System Demonstrations,1
Conference on Computational Natural Language Learning ({C}o{NLL} 2017),1
Findings of the Association for Computational Linguistics: EMNLP 2020,1
International Conference on Computational Linguistics: System Demonstrations,1
International Conference on Natural Language Generation,1
International Conference on Natural Language and Speech Processing,1
International Sanskrit Computational Linguistics Symposium,1
International Workshop on Health Text Mining and Information Analysis,1
International Workshop on Semantic Evaluation,1
Nordic Conference on Computational Linguistics,1
Proceedings of Second Workshop for NLP Open Source Software (NLP-OSS),1
Proceedings of the Eighth International Joint Conference on Natural Language Processing (Volume 1: Long Papers),1
Proceedings of the Eighth Joint Conference on Lexical and Computational Semantics (*{SEM} 2019),1
Proceedings of the Events and Stories in the News Workshop,1
Proceedings of the Fifth Arabic Natural Language Processing Workshop,1
Proceedings of the Fifth Workshop on Computational Linguistics and Clinical Psychology: From Keyboard to Clinic,1
Proceedings of the First Workshop on Insights from Negative Results in NLP,1
Proceedings of the First {ACL} Workshop on Ethics in Natural Language Processing,1
"Proceedings of the Fourth Workshop on NLP for Internet Freedom: Censorship, Disinformation, and Propaganda",1
Proceedings of the Fourth Workshop on Online Abuse and Harms,1
"Proceedings of the International Conference Recent Advances in Natural Language Processing, {RANLP} 2017",1
Proceedings of the LREC 2022 workshop on Natural Language Processing for Political Sciences,1
Proceedings of the Natural Legal Language Processing Workshop 2019,1
Proceedings of the Second ParlaCLARIN Workshop,1
{EMNLP} Workshop {SMM}4{H}: The 3rd Social Media Mining for Health Applications Workshop {&} Shared Task,1
