,Title,counts
81,$\less$b$\greater$stm$\less$/b$\greater$: An $\less$i$\greater$R$\less$/i$\greater$ Package for Structural Topic Models,1
650,34th Bled {eConference} Digital Support from Crisis to Progressive Change: Conference Proceedings,1
529,A Bibliometric Analysis of Blockchain Research,1
530,A Challenge Dataset and Effective Models for Aspect-Based Sentiment Analysis,1
531,A Comparison of LSA and LDA for the Analysis of Railroad Accident Text,1
532,A Comparison of Pre-processing Techniques for Twitter Sentiment Analysis,1
533,A Cross-Task Analysis of Text Span Representations,1
534,A Density-based Nonparametric Model for Online Event Discovery from the Social Media Data,1
535,A Dirichlet process biterm-based mixture model for short text stream clustering,1
536,A Gentle Introduction to Topic Modeling Using Python,1
537,A Local-Global LDA Model for Discovering Geographical Topics from Social Media,1
538,A Qualitative Exploration of Perceptions of Algorithmic Fairness,1
539,A Recommendation System Based on Knowledge Gap Identification in MOOCs Ecosystems,1
540,A Relation-Oriented Clustering Method for Open Relation Extraction,1
541,A Score Prediction Approach for Optional Course Recommendation via Cross-User-Domain Collaborative Filtering,1
542,A Simple Framework for Contrastive Learning of Visual Representations,1
543,A Systematic Mapping Study on Current Research Topics in Smart Contracts,1
544,A Tabu search heuristic for smoke term curation in safety defect discovery,1
545,A Topic Augmented Text Generation Model: Joint Learning of Semantics and Structural Features,1
546,A Typology of Virtual Communities: A Multi-Disciplinary Foundation for Future Research,1
547,A comparative analysis of major online review platforms: Implications for social media analytics in hospitality and tourism,1
528,A comparison of the application of block theory and 3D block-cutting analysis,1
527,A content-based recommendation algorithm for learning resources,1
526,A destination imagery processing model: Structural differences between dream and favourite destinations,1
525,A dynamic algorithm for stochastic trust propagation in online social networks: Learning automata approach,1
505,A feature selection algorithm of decision tree based on feature weight,1
506,A feature selection model based on genetic rank aggregation for text sentiment classification,1
507,A few notes on main path analysis,1
508,A general framework for the recognition of online handwritten graphics,1
509,A graph convolutional topic model for short and noisy text streams,1
510,A hybrid scheme-based one-vs-all decision trees for multi-class classification tasks,1
511,A learning styles based recommender system prototype for edX courses,1
512,A medical decision support system for predicting the severity level of COVID-19,1
513,A meta-analysis of consumer innovation resistance: is there a cultural invariance?,1
504,A methodology for a comparative analysis of the lodging offer of tourism destinations based on online customer reviews,1
514,A model of factors affecting learning performance through the use of social media in Malaysian higher education,1
516,A multi-feature probabilistic graphical model for social network semantic search,1
517,A multidisciplinary perspective of big data in management research,1
518,A named entity topic model for news popularity prediction,1
519,A new method for displayed mathematical expression detection based on FFT and SVM,1
520,A new topic modeling based approach for aspect extraction in aspect based sentiment analysis: SS-LDA,1
521,A new topic modeling based approach for aspect extraction in aspect based sentiment analysis: {SS}-{LDA},1
522,A nonparametric model for online topic discovery with word embeddings,1
523,A novel decision support model for satisfactory restaurants utilizing social information: A case study of TripAdvisor.com,1
524,A novel method for topic linkages between scientific publications and patents,1
548,A novel sentiment analysis framework for monitoring the evolving public opinion in real-time: Case study on climate change,1
549,A novel {TOPSIS} evaluation scheme for cloud service trustworthiness combining objective and subjective aspects,1
550,A retrospective study on handwritten mathematical symbols and expressions: Classification and recognition,1
573,A review of literature on the reasons that cause the high dropout rates in the MOOCS,1
575,"A review of the sociocultural profile of Cyprus: Historical background, current features, change and diversity",1
576,A review: Knowledge reasoning over knowledge graph,1
577,A short text sentiment-topic model for product reviews,1
578,A topic model for co-occurring normal documents and short texts,1
579,A tree-BLSTM-based recognition system for online handwritten mathematical expressions,1
580,A unified framework for detecting author spamicity by modeling review deviation,1
581,A weighted hybrid ensemble method for classifying imbalanced data,1
582,A {LDA} Based Model for Topic Evolution: Evidence from Information Science Journals,1
583,ASTM: An Attentional Segmentation Based Topic Model for Short Texts,1
584,ATM: Adversarial-neural Topic Model,1
585,"Abuse is Contextual, What about NLP? The Role of Context in Abusive Language Annotation and Detection",1
586,Accessible Values for the Assouad and Lower Dimensions of Subsets,1
587,Adaptive sampling towards fast graph representation learning,1
588,Adversarial Learning for Robust Deep Clustering,1
589,Affective Computing and Sentiment Analysis,1
590,Aggregating Neural Word Embeddings for Document Representation,1
591,"Airbnb: Online targeted advertising, sense of power, and consumer decisions",1
592,Alcohol Advertising on Twitter{\textemdash}A Topic Model,1
593,"An Analysis of the Evolving Intellectual Structure of Health Information Systems Research in the Information Systems Discipline""""",1
574,An Automated Corpus Annotation Experiment in Brazilian Portuguese for Sentiment Analysis in Public Security,1
572,An Automatic Approach for Document-level Topic Model Evaluation,1
551,An Experimental Analysis of Data Annotation Methodologies for Emotion Detection in Short Text Posted on Social Media,1
571,An Incremental Clustering Algorithm with Pattern Drift Detection for {IoT}-Enabled Smart Grid System,1
552,An Introduction to Variational Autoencoders,1
553,An Investigation of Brand-Related User-Generated Content on Twitter,1
554,An Ontology-Based Labeling of Influential Topics Using Topic Network Analysis,1
555,"An Overview of Blockchain Technology: Architecture, Consensus, and Future Trends",1
556,An assessment into the characteristics of award winning papers at CHI,1
557,An association-constrained {LDA} model for joint extraction of product aspects and opinions,1
558,An explainable AI decision-support-system to automate loan underwriting,1
559,An extended {TODIM} approach with intuitionistic linguistic numbers,1
560,An extractive text summarization approach using tagged-LDA based topic modeling,1
561,An investigation of customer satisfaction with low-cost and full-service airline companies,1
562,An investigation on online reviews in sharing economy driven hospitality platforms: A viewpoint of trust,1
563,"An overview of bag of words; importance, implementation, applications, and challenges",1
564,An unsupervised topic-sentiment joint probabilistic model for detecting deceptive reviews,1
565,Analysis of hotel services by their symmetric and asymmetric effects on overall customer satisfaction: A comparison of market segments,1
566,Analyst Information Discovery and Interpretation Roles: A Topic Modeling Approach,1
567,Analyzing Gender Bias within Narrative Tropes,1
568,Analyzing linguistic complexity and scientific impact,1
569,Analyzing social media data: A mixed-methods framework combining computational and qualitative text analysis,1
570,Anchored Correlation Explanation: Topic Modeling with Minimal Domain Knowledge,1
515,Ancile: Privacy-preserving framework for access control and interoperability of electronic health records using blockchain technology,1
503,Annotating and Detecting Topics in Social Media Forum and Modelling the Annotation to Derive Directions-A Case Study,1
502,Annotating and detecting topics in social media forum and modelling the annotation to derive directions-a case study,1
501,Answer Selection in Community Question Answering via Attentive Neural Networks,1
435,Applications of Topic Models,1
436,Aspect and Opinion Aware Abstractive Review Summarization with Reinforced Hard Typed Decoder,1
437,Aspect based fine-grained sentiment analysis for online reviews,1
438,Assessing Airbnb as a disruptive innovation relative to hotels: Substitution and comparative performance expectations,1
439,Assessing Phrasal Representation and Composition in Transformers,1
440,Assessment of airport service quality: A complementary approach to measure perceived service quality based on Google reviews,1
441,Attention is all you need,1
442,Auditing Partisan Audience Bias within Google Search,1
443,Auditing the Personalization and Composition of Politically-Related Search Engine Results Pages,1
444,Augmented incremental recognition of online handwritten mathematical expressions,1
445,Augmenting Neural Response Generation with Context-Aware Topical Attention,1
446,Auto-Encoding Total Correlation Explanation,1
447,Automatic Annotation of Text Classification Data Set in Specific Field Using Named Entity Recognition,1
448,Automatic Evaluation of Local Topic Quality,1
449,Automatic Keyboard Layout Design for Low-Resource Latin-Script Languages,1
450,Automatic Labeling of Tweets for Crisis Response Using Distant Supervision,1
451,Automatic political discourse analysis with multi-scale convolutional neural networks and contextual data,1
452,Automatically Labeled Data Generation for Large Scale Event Extraction,1
453,Balanced Datasets Are Not Enough: Estimating and Mitigating Gender Bias in Deep Image Representations,1
434,Balanced Self-Paced Learning for Generative Adversarial Clustering Network,1
433,Bayesian Text Classification and Summarization via A Class-Specified Topic Model,1
432,Bayesian Text Classification and Summarization via A Class-Specified Topic Model.,1
431,Be a ``Superhost'': The importance of badge systems for peer-to-peer rental accommodations,1
411,Betweenness and diversity in journal citation networks as measures of interdisciplinarity---A tribute to Eugene Garfield,1
412,Bi-{LSTM}-{CRF} Sequence Labeling for Keyphrase Extraction from Scholarly Documents,1
413,Bibliometrics-based evaluation of the Blockchain research trend: 2008 {\textendash} March 2017,1
414,Big data in tourism research: A literature review,1
415,"Big {B}i{RD}: A Large, Fine-Grained, Bigram Relatedness Dataset for Examining Semantic Composition",1
416,BioSentVec: creating sentence embeddings for biomedical texts,1
417,Biomedical Corpora and Natural Language Processing on Clinical Text in Languages Other Than English: A Systematic Review,1
418,Blockchain Enabled Enhanced IoT Ecosystem Security,1
419,Blockchain in healthcare applications: Research challenges and opportunities,1
410,"Brothers in blood, yet strangers to global brand purchase: A four-country study of the role of consumer personality",1
420,Business intelligence in online customer textual reviews: Understanding consumer perceptions and influential factors,1
422,CARM: Confidence-aware recommender model via review representation learning and historical rating behavior in the online platforms,1
423,CDS spreads as an independent measure of credit risk,1
424,CNN based spatial classification features for clustering offline handwritten mathematical expressions,1
425,CTRL: A Conditional Transformer Language Model for Controllable Generation,1
426,Can big data protect a firm from competition?,1
427,Cash bonuses for peer-reviewed papers go global,1
428,Catching fire and spreading it: A glimpse into displayed entrepreneurial passion in crowdfunding campaigns.,1
429,Categorical Reparameterization with Gumbel-Softmax,1
430,Category-Level Transfer Learning from Knowledge Base to Microblog Stream for Accurate Event Detection,1
454,Centrality measure in social networks based on linear threshold model,1
421,Centroid-based Text Summarization through Compositionality of Word Embeddings,1
455,"Characterizing diabetes, diet, exercise, and obesity comments on Twitter",1
468,Clarity is a Worthwhile Quality: On the Role of Task Clarity in Microtask Crowdsourcing,1
482,Classifying informative and non-informative tweets from the twitter by adapting image features during disaster,1
483,Climate Change Tweets Ids,1
484,"Climate Change and Land: an IPCC special report on climate change, desertification, land degradation, sustainable land management, food security, and greenhouse gas fluxes in terrestrial ecosystems",1
485,Clustering with Deep Learning: Taxonomy and New Methods,1
486,"Co-word maps and topic modeling: A comparison using small and medium-sized corpora ($\less$i$\greater$N$\less$/i$\greater${\hspace{0.167em}}{\&}lt$\mathsemicolon${\hspace{0.167em}}1,000)",1
487,Co-{LSTM}: Convolutional {LSTM} model for sentiment analysis in social big data,1
488,CoRel: Seed-Guided Topical Taxonomy Construction by Concept Learning and Relation Transferring,1
489,Coherence Modeling of Asynchronous Conversations: A Neural Entity Grid Approach,1
490,Coherence-Aware Neural Topic Modeling,1
491,"Collaboration clusters, interdisciplinarity, scope and subject classification of library and information science research from Africa: An analysis of Web of Science publications from 1996 to 2015",1
492,Collaborative Consumption: Strategic and Economic Implications of Product Sharing,1
493,Collaborative Dynamic Sparse Topic Regression with User Profile Evolution for Item Recommendation,1
494,Collaborative optimization algorithm for learning path construction in E-learning,1
495,Combination of Topic Modelling and Decision Tree Classification for Tourist Destination Marketing,1
496,Combining Knowledge with Deep Convolutional Neural Networks for Short Text Classification,1
497,Combining paper cooperative network and topic model for expert topic analysis and extraction,1
498,Company event popularity for financial markets using Twitter and sentiment analysis,1
499,Comparing grounded theory and topic modeling: Extreme divergence or unlikely convergence?,1
500,Competitive Dynamics in the Sharing Economy: An Analysis in the Context of Airbnb and Hotels,1
481,Computational Grounded Theory: A Methodological Framework,1
480,Computer Science in {ASEAN}: A Ten-Year Bibliometric Analysis (2009{\textendash}2018),1
479,Consumer motives for peer-to-peer sharing,1
478,Consumer segmentation within the sharing economy: The case of Airbnb,1
458,Content analysis of newspaper coverage of wolf recolonization in France using structural topic modeling,1
459,Content analysis: An introduction to its methodology,1
460,Contestability in Algorithmic Systems,1
461,Context-Aware Trustworthy Service Evaluation in Social Internet of Things,1
462,Contextual Augmentation: Data Augmentation by Words with Paradigmatic Relations,1
463,Contextual String Embeddings for Sequence Labeling,1
464,Contextual Topic Modeling For Dialog Systems,1
465,Contextualized Word Representations for Reading Comprehension,1
466,Contrastive Clustering,1
457,Controllable Abstractive Summarization,1
467,Conversational AI: The Science Behind the Alexa Prize,1
469,Correspondence analysis in practice,1
470,Creating Strategic Business Value from Big Data Analytics: A Research Framework,1
471,Cross-Category Defect Discovery from Online Reviews: Supplementing Sentiment with Category-Specific Semantics,1
472,Current Trends in Sustainability of Bitcoins and Related Blockchain Technology,1
473,Customer engagement and online reviews,1
474,Daemo,1
475,Data-Driven Answer Selection in Community QA Systems,1
476,Decoupling Representation and Classifier for Long-Tailed Recognition,1
477,Decoupling Sparsity and Smoothness in the Dirichlet Variational Autoencoder Topic Model,1
594,Deep Clustering by Gaussian Mixture Variational Autoencoders With Graph Embedding,1
456,Deep Clustering for Unsupervised Learning of Visual Features,1
595,Deep Comprehensive Correlation Mining for Image Clustering,1
643,Deep Keyphrase Generation,1
716,Deep Latent {D}irichlet Allocation with Topic-Layer-Adaptive Stochastic Gradient {R}iemannian {MCMC},1
717,Deep Learning-Based Document Modeling for Personality Detection from Text,1
718,Deep Matrix Factorization With Implicit Feedback Embedding for Recommendation System,1
719,Deep Sentiment Classification and Topic Discovery on Novel Coronavirus or COVID-19 Online Discussions: NLP Using LSTM Recurrent Neural Network Approach,1
720,Deep Temporal Clustering : Fully Unsupervised Learning of Time-Domain Features,1
721,Deep Variational Matrix Factorization with Knowledge Embedding for Recommendation System,1
722,Deep contextualized word representations,1
723,Deep learning for pharmacovigilance: recurrent neural network architectures for labeling adverse drug reactions in Twitter posts,1
724,Deep {D}irichlet Multinomial Regression,1
725,Designing Contestability,1
726,Destination competitiveness: A phenomenographic study,1
727,Detecting Climate Change Deniers on Twitter Using a Deep Neural Network,1
728,Detecting and predicting the topic change of Knowledge-based Systems: A topic-based bibliometric analysis from 1991 to 2016,1
729,Detection of Communities within the Multibody System Dynamics Network and Analysis of Their Relations,1
730,Diagnosing Gender Bias in Image Recognition Systems,1
731,"Digital Content Marketing{\textquotesingle}s Role in Fostering Consumer Engagement, Trust, and Value: Framework, Fundamental Propositions, and Implications",1
732,Digital Labour Platforms and the Future of Work: Towards Decent Work in the Online World,1
733,Dimensions of Interpersonal Relationships: Corpus and Experiments,1
734,Directional Skip-Gram: Explicitly Distinguishing Left and Right Context for Word Embeddings,1
715,Disaster response aided by tweet classification with a domain adaptation approach,1
714,Discovering bank risk factors from financial statements based on a new semi-supervised text mining algorithm,1
713,Discovering themes and trends in transportation research using topic modeling,1
712,Discrepancy detection between actual user reviews and numeric ratings of Google App store using deep learning,1
692,Discriminative locally document embedding: Learning a smooth affine map by approximation of the probabilistic generative structure of subspace,1
693,Disentangling the independently controllable factors of variation by interacting with the world,1
694,Distant Horizons: Digital Evidence and Literary Change,1
695,Distant Supervision for Topic Classification of Tweets in Curated Streams,1
696,Distributional Inclusion Vector Embedding for Unsupervised Hypernymy Detection,1
697,Diverse Beam Search for Improved Description of Complex Scenes,1
698,Document Informed Neural Autoregressive Topic Models with Distributional Prior,1
699,Document-based topic coherence measures for news media text,1
700,Does traveler satisfaction differ in various travel group compositions?,1
691,Domain Agnostic Learning with Disentangled Representations,1
701,Double Embeddings and {CNN}-based Sequence Labeling for Aspect Extraction,1
703,Drought assessment with a surface-groundwater coupled model in the Chesapeake Bay watershed,1
704,Edina: Building an Open Domain Socialbot with Self-dialogues,1
705,Effective Attention Modeling for Aspect-Level Sentiment Classification,1
706,Effective Large-Scale Online Influence Maximization,1
707,Effects of personification and anthropomorphic tendency on destination attitude and travel intentions,1
708,Efficiently Answering Technical Questions {\textemdash} A Knowledge Graph Approach,1
709,Electronic word of mouth analysis for new product positioning evaluation,1
710,"Embedded in the Crowd: Creative Freelancers, Crowdsourced Work, and Occupational Community",1
711,Emergence of Invariance and Disentanglement in Deep Representations,1
735,Emerging trends and new developments in information science: a document co-citation analysis (2009--2016),1
736,Empathy is hard work: People choose to avoid empathy because of its cognitive costs.,1
737,Employees recruitment: A prescriptive analytics approach via machine learning and mathematical programming,1
760,Employees' online reviews and equity prices,1
762,Energy choices in Alaska: Mining people{\textquotesingle}s perception and attitudes from geotagged tweets,1
763,Enhancement of Short Text Clustering by Iterative Classification,1
764,Enhancing Seasonal Influenza Surveillance: Topic Analysis of Widely Used Medicinal Drugs Using Twitter Data,1
765,Enhancing deep learning sentiment analysis with ensemble techniques in social applications,1
766,Enhancing unsupervised neural networks based text summarization with word embedding and ensemble learning,1
767,Enriching Word Vectors with Subword Information,1
768,Ethics in Finance and Accounting: Editorial Introduction,1
769,Evaluating a Computational Approach to Labeling Politeness: Challenges for the Application of Machine Classification to Social Computing Data,1
770,Evaluating topic representations for exploring document collections,1
771,Event extraction from {T}witter using Non-Parametric {B}ayesian Mixture Model with Word Embeddings,1
772,Evolving Unsupervised Deep Neural Networks for Learning Meaningful Representations,1
773,Examining an asymmetric effect between online customer reviews emphasis and overall satisfaction determinants,1
774,Examining learning engagement in MOOCs: A self-determination theoretical perspective using mixed method,1
775,Examining scientific writing styles from the perspective of linguistic complexity,1
776,Examining the Relevance of Online Customer Textual Reviews on Hotels' Product and Service Attributes,1
777,"Explainable Artificial Intelligence (XAI): Concepts, taxonomies, opportunities and challenges toward responsible AI",1
778,Explainable Prediction of Medical Codes from Clinical Text,1
779,Explicitly and implicitly exploiting the hierarchical structure for mining website interests on news events,1
780,Exploiting social and local contexts propagation for inducing Chinese microblog-specific sentiment lexicons,1
761,Exploratory Geovisualization of the Character and Distribution of American Climate Change Beliefs,1
759,Exploratory study on Class Imbalance and solutions for Network Traffic Classification,1
738,Exploring halal-friendly destination attributes in South Korea: Perceptions and behaviors of Muslim travelers toward a non-Muslim destination,1
758,Exploring the Research Trend of Smart Factory with Topic Modeling,1
739,Exploring the behavioral drivers of review valence,1
740,Exploring the effect of user engagement in online brand communities: Evidence from Twitter,1
741,Extreme Multi-Label ICD Classification: Sensitivity to Hospital Service and Time,1
742,Facebook Hospital Reviews: Automated Service Quality Detection and Relationships with Patient Satisfaction,1
743,Fairness Beyond Disparate Treatment &amp; Disparate Impact: Learning Classification without Disparate Mistreatment,1
744,FastGCN: Fast Learning with Graph Convolutional Networks via Importance Sampling,1
745,FastSGG: efficient social graph generation using a degree distribution generation model,1
746,Feature Selection: A Data Perspective,1
747,FinBERT: A Pretrained Language Model for Financial Communications,1
748,Finding Microaggressions in the Wild: A Case for Locating Elusive Phenomena in Social Media Posts,1
749,Finding the diamond in the rough: Exploring communication and platform in crowdsourcing performance,1
750,Fine-Grained Spoiler Detection from Large-Scale Review Corpora,1
751,Fixing weight decay regularization in adam,1
752,Framing the sharing economy: Toward a sustainable ecosystem,1
753,Free associations of citizens and scientists with economic and green growth: A computational-linguistics analysis,1
754,Friendly Topic Assistant for Transformer Based Abstractive Summarization,1
755,From Alt-Right to Alt-Rechts: Twitter Analysis of the 2017 German Federal Election,1
756,From Louvain to Leiden: guaranteeing well-connected communities,1
757,From local explanations to global understanding with explainable AI for trees,1
702,Full-Text or Abstract? Examining Topic Coherence Scores Using Latent Dirichlet Allocation,1
690,Fuzzy Bag-of-Words Model for Document Representation,1
689,Fuzzy Visibility Graph for Structural Analysis of Online Handwritten Mathematical Expressions,1
688,Gender Shades: Intersectional Accuracy Disparities in Commercial Gender Classification,1
622,Generalized Gumbel-Softmax Gradient Estimator for Various Discrete Random Variables,1
623,Get To The Point: Summarization with Pointer-Generator Networks,1
624,Global Surveillance of COVID-19 by Mining News Media Using a Multi-Source Dynamic Embedded Topic Model,1
625,"Global Warming of 1.5 C. An IPCC Special Report on the Impacts of Global Warming of 1.5 C. an IPCC Special Report on the Impacts of Global Warming of 1.5 C Above Pre-industrial Levels and Related Global Greenhouse gas Emission Pathways, in the Context of Strengthening the Global Response to the Threat of climate Change, sustainable Development, and Efforts to Eradicate Poverty",1
626,Gradient boosting for distributional regression: faster tuning and improved variable selection via noncyclical updates,1
627,Graph Structural-Topic Neural Network,1
628,"Graph embedding techniques, applications, and performance: A survey",1
629,Graph representation learning: a survey,1
630,Graph-to-Graph: Towards Accurate and Interpretable Online Handwritten Mathematical Expression Recognition,1
631,"Grief Counseling and Grief Therapy, Fourth Edition: A Handbook for the Mental Health Practitioner",1
632,Guess You like: Course Recommendation in MOOCs,1
633,Handwritten Mathematical Expression Recognition via Paired Adversarial Learning,1
634,Handwritten Mathematical Symbol Recognition Using Machine Learning Techniques: Review,1
635,Health literacy in childhood and youth: a systematic review of definitions and models,1
636,Healthcare informatics,1
637,HiExpan: Task-Guided Taxonomy Construction by Hierarchical Tree Expansion,1
638,HiGitClass: Keyword-Driven Hierarchical Classification of GitHub Repositories,1
639,Hierarchical Topic Mining via Joint Spherical Tree and Text Embedding,1
640,Hot topics and trends in cardiovascular research,1
621,How Computers See Gender: An Evaluation of Gender Classification in Commercial Facial Analysis Services,1
620,How Important Is Size? An Investigation of Corpus Size and Meaning in Both Latent Semantic Analysis and Latent Dirichlet Allocation,1
619,How {\textquotedblleft}you{\textquotedblright} makes meaning,1
618,Human Decisions and Machine Predictions,1
598,Hybrid Attention-Based Prototypical Networks for Noisy Few-Shot Relation Classification,1
599,Hybrid CNN-GRU Model for High Efficient Handwritten Digit Recognition,1
600,Hybrid deep neural networks for recommender systems,1
601,Hybrid supervised clustering based ensemble scheme for text classification,1
602,Hyper-Parameter Tuning of a Decision Tree Induction Algorithm,1
603,Hyperbolic Entailment Cones for Learning Hierarchical Embeddings,1
604,Hypernym Detection Using Strict Partial Order Networks,1
605,ICDAR 2019 CROHME + TFD: Competition on Recognition of Handwritten Mathematical Expressions and Typeset Formula Detection,1
606,ICFHR 2020 Competition on Offline Recognition and Spotting of Handwritten Mathematical Expressions - OffRaSHME,1
597,Identifying Empathetic Messages in Online Health Communities,1
607,Identifying Singleton Spammers via Spammer Group Detection,1
609,Identifying Sub-Events and Summarizing Disaster-Related Information from Microblogs,1
610,Identifying and Characterizing the Propagation Scale of {COVID}-19 Situational Information on Twitter: A Hybrid Text Analytic Approach,1
611,"Identifying disaster-related tweets and their semantic, spatial and temporal context using deep learning, natural language processing and spatial analysis: a case study of Hurricane Irma",1
612,Identifying influencers from sampled social networks,1
613,Identifying leading blockchain startups on a worldwide level,1
614,Identifying topical influencers on twitter based on user behavior and network topology,1
615,Image Provenance Analysis at Scale,1
616,"Impact of distance on the arrivals, behaviours and attitudes of international tourists in Hong Kong: A longitudinal approach",1
617,Implicit Gender Biases in Professional Software Development: An Empirical Study,1
641,Improved Deep Embedded Clustering with Local Structure Preservation,1
608,Improved Training of Wasserstein GANs,1
642,Improved Variational Autoencoders for Text Modeling using Dilated Convolutions,1
655,Improving Topic Quality by Promoting Named Entities in Topic Modeling,1
669,Improving sentiment analysis via sentence type classification using {BiLSTM}-{CRF} and {CNN},1
670,In Airbnb we trust: Understanding consumers' trust-attachment building mechanisms in the sharing economy,1
671,In Search of Coherence and Consensus: Measuring the Interpretability of Statistical Topics,1
672,In Search of Precision in Absorptive Capacity Research: A Synthesis of the Literature and Consolidation of Findings,1
673,Incorporating Wikipedia concepts and categories as prior knowledge into topic models,1
674,Increasing trend of scientists to switch between topics,1
675,Independently Controllable Features,1
676,Induction of a sentiment dictionary for financial analyst communication: a data-driven approach balancing machine learning and human intuition,1
677,Inferring Concept Hierarchies from Text Corpora via Hyperbolic Embeddings,1
678,Inferring multimodal latent topics from electronic health records,1
679,Influence maximization on twitter: A mechanism for effective marketing campaign,1
680,Informative and Controllable Opinion Summarization,1
681,Inside the Rating Scores: A Multilevel Analysis of the Factors Influencing Customer Satisfaction in the Hotel Industry,1
682,Interactive User Interface for Recognizing Online Handwritten Mathematical Expressions and Correcting Misrecognition,1
683,"Interdisciplinarity as diversity in citation patterns among journals: Rao-Stirling diversity, relative variety, and the Gini coefficient",1
684,Introduction to the Special Issue on Human-Centered Machine Learning,1
685,Investigating How Experienced UX Designers Effectively Work with Machine Learning,1
686,Investigating Sports Commentator Bias within a Large Corpus of {A}merican Football Broadcasts,1
687,Investigation of Pre-service Teachers'Conceptions of the Nature of Science Based on the LDA Model,1
668,Investor Sentiment and Credit Default Swap Spreads During the Global Financial Crisis,1
667,It{'}s going to be okay: Measuring Access to Support in Online Communities,1
666,JNET: Learning User Representations via Joint Network Embedding and Topic Embedding,1
665,Joint optimisation of regular and demand-responsive transit services,1
645,Jointly Learning Word Embeddings and Latent Topics,1
646,Key factors in MOOC pedagogy based on NLP sentiment analysis of learner reviews: What makes a hit,1
647,Knowledge diffusion paths of blockchain domain: the main path analysis,1
648,Knowledge-driven graph similarity for text classification,1
649,LDA Topic Mining of Light Food Customer Reviews on the Meituan Platform,1
408,LJST: a semi-supervised joint sentiment-topic model for short texts,1
651,Label Propagation-Based Parallel Graph Partitioning for Large-Scale Graph Data,1
652,Labeling Topics with Images Using a Neural Network,1
653,Labeling Topics with Images using Neural Networks,1
644,Large-Scale Learnable Graph Convolutional Networks,1
654,Latent association rule cluster based model to extract topics for classification and recommendation applications,1
656,Learn#: A Novel incremental learning method for text classification,1
657,Learning Community Embedding with Community Detection and Node Embedding on Graphs,1
658,Learning Continuous Hierarchies in the Lorentz Model of Hyperbolic Geometry,1
659,Learning Dense Representations of Phrases at Scale,1
660,Learning Distributed Representations of Texts and Entities from Knowledge Base,1
661,Learning Phrase Embeddings from Paraphrases with {GRU}s,1
662,Learning Representations for Time Series Clustering,1
663,Learning Sequential Correlation for User Generated Textual Content Popularity Prediction,1
664,Learning Structured Text Representations,1
596,Learning Topic-Sensitive Word Representations,1
409,Learning Twitter User Sentiments on Climate Change with Limited Labeled Data,1
354,Learning supervised topic models for classification and regression from crowds,1
407,Learning to Discover Cross-Domain Relations with Generative Adversarial Networks,1
153,Learning to Evaluate Image Captioning,1
154,Linked Educational Online Courses to Provide Personalized Learning,1
155,Literature review: Machine learning techniques applied to financial market prediction,1
156,MCRS: A course recommendation system for MOOCs,1
157,MOOCs Recommender System: A Recommender System for the Massive Open Online Courses,1
158,Machine Learning for Social Science: An Agnostic Approach,1
159,Machine learning models for mathematical symbol recognition: A stem to stern literature analysis,1
160,Making sense of Big Data --can it transform operations management?,1
161,"Managing the Boundaries of Taste: Culture, Valuation, and Computational Social Science",1
162,Market segmentation: A multiple criteria approach combining preference analysis and segmentation decision,1
163,Massive Open Online Courses (MOOCs): Data on higher education,1
164,Matching the Blanks: Distributional Similarity for Relation Learning,1
165,Materialism and the sharing economy: A cross-cultural study of American and Indian consumers,1
166,MeanSum: A Neural Model for Unsupervised Multi-document Abstractive Summarization,1
167,Measuring and Managing the Externality of Managerial Responses to Online Customer Reviews,1
168,Measuring credit risk using qualitative disclosure,1
169,Measuring the interdisciplinarity of Big Data research: a longitudinal study,1
170,Medical informatics research trend analysis: A text mining approach,1
171,MetaPAD: Meta Pattern Discovery from Massive Text Corpora,1
152,Methodological Cyborg as Black Feminist Technology: Constructing the Social Self Using Computational Digital Autoethnography and Social Media,1
150,MiCE: Mixture of Contrastive Experts for Unsupervised Image Clustering,1
129,Microblog sentiment analysis with weak dependency connections,1
149,Mining meaning from online ratings and reviews: Tourist satisfaction~analysis using latent dirichlet~allocation,1
130,Mining opinions from instructor evaluation reviews: A deep learning approach,1
131,Mining product innovation ideas from online reviews,1
132,Mining tag-clouds to improve social media recommendation,1
133,Mining the voice of employees: A text mining approach to identifying and analyzing job satisfaction factors from online employee reviews,1
134,Model-based Clustering of Short Text Streams,1
135,Modeling Empathy and Distress in Reaction to News Stories,1
136,Modeling reference experience in destination choice,1
137,Modelling Research Topic Trends in Community Forestry,1
138,MoocRec: Learning Styles-Oriented MOOC Recommender and Search Engine,1
139,Motivations and constraints of Airbnb consumers: Findings from a mixed-methods approach,1
140,Movie Recommendation System Using NLP Tools,1
141,Multi Task Mutual Learning for Joint Sentiment Classification and Topic Detection,1
142,Multi-Level Variational Autoencoder: Learning Disentangled Representations from Grouped Observations,1
143,Multi-Task Deep Neural Networks for Natural Language Understanding,1
144,Multi-modal matrix factorization with side information for recommending massive open online courses,1
145,Multi-source data fusion study in scientometrics,1
146,Multilingual Denoising Pre-training for Neural Machine Translation,1
147,Multimodal Topic Labelling,1
148,Narratives of the Refugee Crisis: A Comparative Study of Mainstream-Media and Twitter,1
172,Natural Language Processing Techniques to Reveal Human-Computer Interaction for Development Research Topics,1
151,Networks,1
173,Neural Topic Model with Attention for Supervised Learning,1
197,Neural Topic Model with Reinforcement Learning,1
199,Neural Topic Modeling with Cycle-Consistent Adversarial Training,1
200,"News sentiment, credit spreads, and information asymmetry",1
201,Nonparametric Bayesian Negative Binomial Factor Analysis,1
202,Notice of Violation of IEEE Publication Principles: A study to Understand Malware Behavior through Malware Analysis,1
203,Numerical simulation for the solitary wave of Zakharov{\textendash}Kuznetsov equation based on lattice Boltzmann method,1
204,Nurturing Online Communities: An Empirical Investigation,1
205,Omnichannel businesses in the publishing and retailing industries: Synergies and tensions between coexisting online and offline business models,1
206,On Evaluating and Comparing Open Domain Dialog Systems,1
207,On Semantics and Deep Learning for Event Detection in Crisis Situations,1
208,On the Sentence Embeddings from Pre-trained Language Models,1
209,Online Emotion Regulation in Digitally Mediated Bereavement. Why Age and Kind of Loss Matter in Grieving Online,1
210,Online Handwritten Mathematical Expression Recognition and Applications: A Survey,1
211,Online Learning: A Panacea in the Time of {COVID}-19 Crisis,1
212,Online complaining behavior: Does cultural background and hotel class matter?,1
213,Open Event Extraction from Online Text using a Generative Adversarial Network,1
214,Opinion summarization methods: Comparing and extending extractive and abstractive approaches,1
215,Organizational Work{\textendash}Life Policies and the Gender Wage Gap in European Workplaces,1
216,"Our Privacy Needs to Be Protected at All Costs"": Crowd Workers' Privacy Experiences on Amazon Mechanical Turk""",1
217,Overview of the CLEF eHealth 2019 multilingual information extraction,1
198,Overview of the CLEF eHealth Evaluation Lab 2020,1
196,PAWS: Paraphrase Adversaries from Word Scrambling,1
175,Participant Crosstalk: Issues When Using the Mechanical Turk,1
195,Pattern generation strategies for improving recognition of Handwritten Mathematical Expressions,1
176,"Peer-to-Peer Product Sharing: Implications for Ownership, Usage, and Social Welfare in the Sharing Economy",1
177,Peer-to-peer interactions: Perspectives of Airbnb guests and hosts,1
178,Persisting big-data: The NoSQL landscape,1
179,Personality and self-reported preference for music genres and attributes in a German-speaking sample,1
180,Personality-based refinement for sentiment classification in microblog,1
181,Personalized Point-of-Interest Recommendation on Ranking with Poisson Factorization,1
182,Perverse effects of output-based research funding? Butler's Australian case revisited,1
183,Photoacoustic imaging of live chicken embryo at multiple developmental stages,1
184,Phrase-Indexed Question Answering: A New Challenge for Scalable Document Comprehension,1
127,Poincar{\'e} GloVe: Hyperbolic Word Embeddings,1
186,Pointer Sentinel Mixture Models,1
187,Predicting ICD-9 code groups with fuzzy similarity based supervised multi-label classification of unstructured clinical nursing notes,1
188,Predicting the helpfulness of online reviews using a scripts-enriched text regression model,1
189,Prediction of places of visit using tweets,1
190,Principles of marketing,1
191,"Privacy, Power, and Invisible Labor on Amazon Mechanical Turk",1
192,Privacy-Preserving Task Recommendation Services for Crowdsourcing,1
193,Processing Long Queries Against Short Text: Top-k Advertisement Matching in News Stream Applications,1
194,Product innovation based on online review data mining: a case study of Huawei phones,1
174,Proposing New Blockchain Challenges in {eHealth},1
128,Public Perceptions and Attitudes Toward {COVID}-19 Nonpharmaceutical Interventions Across Six Countries: A Topic Modeling Analysis of Twitter Data,1
115,Public discourse and sentiment during the {COVID} 19 pandemic: Using Latent Dirichlet Allocation for topic modeling on Twitter,1
126,Pulling Out the Stops: Rethinking Stopword Removal for Topic Models,1
61,Quantifying Search Bias: Investigating Sources of Bias for Political Searches in Social Media,1
62,Quantifying the emotional impact of events on locations with social media,1
71,Ranking influencers of social networks by semantic kernels and sentiment information,1
72,Rapid Classification of Crisis-Related Data on Social Networks using Convolutional Neural Networks,1
68,Reading Between the Lines: Prediction of Political Violence Using Newspaper Text,1
63,Real-Time Twitter Corpus Labelling Using Automatic Clustering Approach,1
79,Real-time event detection for online behavioral analysis of big social data,1
78,Recent automatic text summarization techniques: a survey,1
76,Recognizing Pathogenic Empathy in Social Media,1
75,Recognizing handwritten mathematical expressions as LaTex sequences using a multiscale robust neural network,1
74,Recommendation System for Knowledge Acquisition in {MOOCs} Ecosystems,1
73,Recurrent Batch Normalization,1
70,Reformulating Unsupervised Style Transfer as Paraphrase Generation,1
69,Relationship between customer sentiment and online customer ratings for hotels - An empirical analysis,1
64,Relationships between Hofstede's cultural dimensions and tourist satisfaction: A cross-country cross-sample examination,1
67,"Remember the MOOCs? After near-death, they're booming",1
66,Representing Contexual Relations with Sanskrit Word Embeddings,1
65,Research on Mathematical Formula Knowledge Base for Formula Recognition,1
58,Research paper classification systems based on TF-IDF and LDA schemes,1
59,Research patterns and trends in software effort estimation,1
57,Research portfolio analysis and topic prominence,1
60,Residual Gated Graph ConvNets,1
80,Robust Domain Adaptation Approach for Tweet Classification for Crisis Response,1
77,Robust encoder-decoder learning framework for offline handwritten mathematical expression recognition based on a multi-scale deep neural network,1
82,Role of social media in retail network operations and marketing to enhance customer satisfaction,1
105,SCAN: Learning to Classify Images without Labels,1
107,SECNLP: A survey of embeddings in clinical natural language processing,1
108,STExNMF: Spatio-Temporally Exclusive Topic Discovery for Anomalous Event Detection,1
109,STORIUM: A Dataset and Evaluation Platform for Machine-in-the-Loop Story Generation,1
110,Same data---different results? Towards a comparative approach to the identification of thematic structures in science,1
111,Scalable Sentiment for Sequence-to-Sequence Chatbot Response with Performance Analysis,1
112,Scientific evolutionary pathways: Identifying and visualizing relationships for scientific topics,1
113,Scrambling for metadata: Using topic modeling and word2vec to explore the archives of the european commission,1
114,Self-Taught Convolutional Neural Networks for Short Text Clustering,1
116,Self-labelling via simultaneous clustering and representation learning,1
117,Semantic Relatedness Enhanced Graph Network for aspect category sentiment analysis,1
118,Semantic structure-based word embedding by incorporating concept convergence and word divergence,1
119,Semantic text classification: A survey of past and recent advances,1
120,Sensing climate change and energy issues: Sentiment and emotion analysis with social media in the U.K. and Spain,1
121,Sentiment Analysis Is a Big Suitcase,1
122,Sentiment Analysis Using Word2vec And Long Short-Term Memory ({LSTM}) For Indonesian Hotel Reviews,1
123,Sentiment Analysis in TripAdvisor,1
124,Sentiment Analysis of MOOC learner reviews: What motivates learners to complete a course?,1
125,"Sentiment Analysis of Restaurant Customer Reviews on TripAdvisor using Na{\\i}ve Bayes""",1
106,Sentiment Classification of Consumer-Generated Online Reviews Using Topic Modeling,1
104,Sentiment analysis leveraging emotions and word embeddings,1
83,Sentiment analysis on Twitter data with semi-supervised Doc2Vec,1
103,Sentiment analysis on product reviews based on weighted word embeddings and deep neural networks,1
84,SeqSense: Video Recommendation Using Topic Sequence Mining,1
85,"Service Quality Perceptions, Online Visibility, and Business Performance in Rural Lodging Establishments",1
86,SetExpan: Corpus-Based Set Expansion via Context Feature Selection and Rank Ensemble,1
87,Setting the future of digital and social media marketing research: Perspectives and research propositions,1
88,Sharing economy and incumbents' pricing strategy: The impact of Airbnb on the hospitality industry,1
89,Sharing economy revisited: Towards a new framework for understanding sharing models,1
90,Shoestring: Graph-based semi-supervised classification with severely limited labeled data,1
91,"Short Text Topic Modeling Techniques, Applications, and Performance: A Survey",1
92,Short text topic modeling by exploring original documents,1
93,"Short text topic modeling techniques, applications, and performance: a survey",1
94,Simulated Annealing,1
95,"Social Media, Science, and Attack Discourse: How Twitter Discussions of Climate Change Use Sarcasm and Incivility",1
96,Social media analytics for quality surveillance and safety hazard detection in baby cribs,1
97,Social science perspectives on drivers of and responses to global climate change,1
98,SpanBERT: Improving Pre-training by Representing and Predicting Spans,1
99,Stability of topic modeling via matrix factorization,1
100,Stick-Breaking Variational Autoencoders,1
101,Structured Disentangled Representations,1
102,Success and Failure in Software Engineering: A Followup Systematic Literature Review,1
218,Summarizing Opinions: Aspect Extraction Meets Sentiment Prediction and They Are Both Weakly Supervised,1
185,Summarizing User-generated Textual Content: Motivation and Methods for Fairness in Algorithmic Summaries,1
220,Supervised Multi-Specialist Topic Model with Applications on Large-Scale Electronic Health Record Data,1
244,Supporting Clustering with Contrastive Learning,1
341,Supporting Serendipity: Opportunities and Challenges for Human-AI Collaboration in Qualitative Analysis,1
342,T-BERT -- Model for Sentiment Analysis of Micro-blogs Integrating Topic Model and BERT,1
343,TDAM: A topic-dependent attention model for sentiment analysis,1
344,Tabu Search,1
345,Target-aware convolutional neural network for target-level sentiment analysis,1
346,Targeted Twitter Sentiment Analysis for Brands Using Supervised Feature Engineering and the Dynamic Architecture for Artificial Neural Networks,1
347,Targeted aspects oriented topic modeling for short texts,1
348,TaxoGen: Unsupervised Topic Taxonomy Construction by Adaptive Term Embedding and Clustering,1
349,Techniques for Interpretable Machine Learning,1
350,Temperature and temperament: Evidence from Twitter,1
351,Testing Retail Marketing-Mix Effects on Patronage: A Meta-Analysis,1
352,Text Classification of Manifestos and COVID-19 Press Briefings using BERT and Convolutional Neural Networks,1
353,Text Mining Approaches for Postmarket Food Safety Surveillance Using Online Media,1
219,Text classification method based on self-training and {LDA} topic models,1
355,Text-Based Ideal Points,1
356,The Berkeley Earth Land/Ocean Temperature Record,1
357,The Car Sharing Economy: Interaction of Business Model Choice and Product Line Design,1
358,The Curious Case of Neural Text Degeneration,1
359,The Dynamic Embedded Topic Model,1
340,The Effects of Culture on Consumers{\textquotesingle} Consumption and Generation of Online Reviews,1
339,The Evolution of Blockchain: A Bibliometric Study,1
338,The Framework of Personalized Ranking on Poisson Factorization,1
337,The Future is Big Graphs! A Community View on Graph Processing Systems,1
317,The Impact of Customer Reviews on Product Innovation: Empirical Evidence in Mobile Apps,1
318,The Language of Social Support in Social Media and Its Effect on Suicidal Ideation Risk,1
319,The Measure and Mismeasure of Fairness: A Critical Review of Fair Machine Learning,1
320,The Mythos of Model Interpretability,1
321,The Politics of Scrutiny in Human Rights Monitoring: Evidence from Structural Topic Models of US State Department Human Rights Reports,1
322,The Remarkable Benefit of User-Level Aggregation for Lexical-based Population-Level Predictions,1
323,The Rise of the Sharing Economy: Estimating the Impact of Airbnb on the Hotel Industry,1
324,The Role of Big Data and Predictive Analytics in Retailing,1
325,The Role of Surge Pricing on a Service Platform with Self-Scheduling Capacity,1
316,"The Sense of Agency Scale: A Measure of Consciously Perceived Control over One{\textquotesingle}s Mind, Body, and the Immediate Environment",1
326,The State-of-the-Art in Twitter Sentiment Analysis,1
328,The Top 100 Articles in the Medical Informatics: a Bibliometric Analysis,1
329,The Utility of Hierarchical Dirichlet Process for Relationship Detection of Latent Constructs,1
330,The blockchain: State-of-the-art and research challenges,1
331,"The case of computer science education, employment, gender, and race/ethnicity in Silicon Valley, 1980{\textendash}2015",1
332,The complexity of consumer experience formulation in the sharing economy,1
333,The effect of user-controllable filters on the prediction of online hotel reviews,1
334,The effects of hotel attribute performance on electronic word-of-mouth (eWOM) behaviors,1
335,The effects of national cultural values on individuals' intention to participate in peer-to-peer sharing economy,1
336,The effects of trait-based personalization in social media advertising,1
360,The effects of traveling for business on customer satisfaction with hotel services,1
327,The influence of e-services on customer online purchasing behavior toward remanufactured products,1
361,The influence of temperature on {\#}{ClimateChange} and {\#}{GlobalWarming} discourses on Twitter,1
374,The learning behaviours of dropouts in MOOCs: A collective attention network perspective,1
388,The longest path in the Price model,1
389,The measurement of {\textquotedblleft}interdisciplinarity{\textquotedblright} and {\textquotedblleft}synergy{\textquotedblright} in scientific and extra-scientific collaborations,1
390,The repeat rate: from Hirschman to Stirling,1
391,The role of culture and purchasing power parity in shaping mall-shoppers' profiles,1
392,The sharing economy and digital platforms: A review and research agenda,1
393,The sharing economy and the future of the hotel industry: Transaction cost theory and platform economics,1
394,The {MOOC} dropout phenomenon and retention strategies,1
395,"Therapeutic alliance, empathy, and genuineness in individual adult psychotherapy: A meta-analytic review",1
396,Top2Vec: Distributed Representations of Topics,1
397,Topic Augmented Generator for Abstractive Summarization,1
398,Topic Intrusion for Automatic Topic Model Evaluation,1
399,Topic Memory Networks for Short Text Classification,1
400,Topic Model or Topic Twaddle? Re-evaluating Semantic Interpretability Measures,1
401,Topic Modeling Revisited: A Document Graph-based Neural Network Perspective,1
402,Topic Modeling and Text Analysis for Qualitative Policy Research,1
403,Topic Modeling on Document Networks with Adjacent-Encoder,1
404,Topic Modeling over Short Texts by Incorporating Word Embeddings,1
405,Topic Modelling Meets Deep Neural Networks: A Survey,1
406,Topic diffusion analysis of a weighted citation network in biomedical literature,1
387,Topic diversity: A discipline scheme-free diversity measurement for journals,1
386,Topic modeling and sentiment analysis of global climate change tweets,1
385,Topic modeling of weather and climate condition on twitter using latent dirichlet allocation (LDA),1
384,Topic modelling discourse dynamics in historical newspapers,1
364,Topic-Aware Deep Compositional Models for Sentence Classification,1
365,Topic-Guided Variational Autoencoders for Text Generation,1
366,Topic-based Evaluation for Conversational Bots,1
367,Topic-based knowledge mining of online student reviews for strategic planning in universities,1
368,TopicOnTiles: Tile-Based Spatio-Temporal Event Analytics via Exclusive Topic Modeling on Social Media,1
369,TopicRNN: A Recurrent Neural Network with Long-Range Semantic Dependency,1
370,Topical Phrase Extraction from Clinical Reports by Incorporating both Local and Global Context,1
371,Topicalizer: reframing core concepts in machine learning visualization by co-designing for interpretivist scholarship,1
372,Toward an excellence-based research funding system: Evidence from Poland,1
363,Toward understanding 17th century English culture: A structural topic model of Francis Bacon{\textquotesingle}s ideas,1
373,Towards Autoencoding Variational Inference for Aspect-based Opinion Summary,1
375,Towards a Definition of Disentangled Representations,1
376,Tracing Fake-News Footprints: Characterizing Social Media Messages by How They Propagate,1
377,Tracing Technological Development Trajectories: A Genetic Knowledge Persistence-Based Main Path Approach,1
378,Tracing technological development trajectories: A genetic knowledge persistence-based main path approach,1
379,Tracking Social Media Discourse About the {COVID}-19 Pandemic: Development of a Public Coronavirus Twitter Data Set,1
380,Transfer Topic Labeling with Domain-Specific Knowledge Base: An Analysis of UK House of Commons Speeches 1935-2014,1
381,TransferTransfo: A Transfer Learning Approach for Neural Network Based Conversational Agents,1
382,Transformer based Deep Intelligent Contextual Embedding for Twitter sentiment analysis,1
383,Transformers: State-of-the-Art Natural Language Processing,1
362,Transparency and accountability in AI decision support: Explaining and visualizing convolutional neural networks for text information,1
315,Trends on Health in Social Media: Analysis using Twitter Topic Modeling,1
314,Trust propagation algorithm based on learning automata for inferring local trust in online social networks,1
313,Truth Bias and Partisan Bias in Political Deception Detection,1
246,Turkish Sentiment Analysis Using Machine Learning Methods: Application on Online Food Order Site Reviews,1
247,Turkish Sentiment Analysis on Social Media,1
248,Turkish document classification based on Word2Vec and SVM classifier,1
249,Tweeting on {COVID}-19 pandemic in South Africa: {LDA}-based topic modelling approach,1
250,Twitter and Research: A Systematic Literature Review Through Text Mining,1
251,Twitter and climate change,1
252,Twitter as a Tool for Health Research: A Systematic Review,1
253,Twitter speaks: A case of national disaster situational awareness,1
254,UMAP: Uniform Manifold Approximation and Projection for Dimension Reduction,1
245,UX Design Innovation: Challenges for Working with Machine Learning as a Design Material,1
255,Uncertainty-aware self-training for few-shot text classification,1
257,Understanding Service Providers' Competency in Knowledge-Intensive Crowdsourcing Platforms: An {LDA} Approach,1
258,Understanding Users' Budgets for Recommendation with Hierarchical Poisson Factorization,1
259,"Understanding repurchase intention of Airbnb consumers: perceived authenticity, electronic word-of-mouth, and price sensitivity",1
260,Understanding the Impact of Online Reviews on Hotel Performance,1
261,Understanding the Public Discussion About the Centers for Disease Control and Prevention During the {COVID}-19 Pandemic Using Twitter Data: Text Mining Analysis Study,1
262,United We Stand: Using Multiple Strategies for Topic Labeling,1
263,Unpaired Image-to-Image Translation Using Cycle-Consistent Adversarial Networks,1
264,Unraveling the diverse nature of service quality in a sharing economy,1
265,Unsupervised Learning of Sentence Representations Using Sequence Consistency,1
256,Unsupervised Opinion Summarization as Copycat-Review Generation,1
243,Unsupervised User Behavior Representation for Fraud Review Detection with Cold-Start Problem,1
232,Unsupervised Word Embedding Learning by Incorporating Local and Global Contexts,1
242,Unsupervised machine learning for the discovery of latent disease clusters and patient subgroups using electronic health records,1
222,Updating guidance for reporting systematic reviews: development of the PRISMA 2020 statement,1
223,Using deep learning and visual analytics to explore hotel reviews and responses,1
224,Using time-sensitive interactions to improve topic derivation in twitter,1
225,Using weak supervision to generate training datasets from social media data: a proof of concept to identify drug mentions,1
226,Value co-creation and co-destruction in the Airbnb sharing economy,1
227,Values of food leftover sharing platforms in the sharing economy,1
228,Variational Autoencoders for Semi-supervised Text Classification,1
229,Variational Autoencoders for Sparse and Overdispersed Discrete Data,1
230,Variational Deep Semantic Hashing for Text Documents,1
221,Variational Inference of Disentangled Latent Concepts from Unlabeled Observations,1
231,Variational Inference: A Review for Statisticians,1
233,Vec2GC -- A Graph Based Clustering Method for Text Representations,1
234,Very Deep Convolutional Networks for Text Classification,1
235,Visual analytics for exploring topic long-term evolution and detecting weak signals in company targeted tweets,1
236,Viziometrics: Analyzing Visual Information in the Scientific Literature,1
237,Von Mises-Fisher Loss for Training Sequence to Sequence Models with Continuous Outputs,1
238,W2VLDA: Almost unsupervised system for Aspect Based Sentiment Analysis,1
239,WHAI: Weibull Hybrid Autoencoding Inference for Deep Topic Modeling,1
240,Weakly supervised topic sentiment joint model with word embeddings,1
241,Weakly-Supervised Hierarchical Text Classification,1
266,Weakly-Supervised Opinion Summarization by Leveraging External Information,1
267,Weakly-supervised Relation Extraction by Pattern-enhanced Embedding Learning,1
268,Web-Based Recommendation System Architecture for Knowledge Reuse in MOOCs Ecosystems,1
280,What Are MOOCs Learners' Concerns? Text Analysis of Reviews for Computer Science Courses,1
294,What are the key themes associated with the positive learning experience in MOOCs? An empirical investigation of learners' ratings and reviews,1
295,What is wrong with topic modeling? And how to fix it using search-based software engineering,1
296,What makes tourists feel negatively about tourism destinations? Application of hybrid text mining methodology to smart destination management,1
297,What you can cram into a single {\$}{\&}!{\#}* vector: Probing sentence embeddings for linguistic properties,1
298,When do extreme weather events generate attention to climate change?,1
299,"When is enough, enough? Investigating product reviews and information overload from a consumer empowerment perspective",1
300,Which Type of Citation Analysis Generates the Most Accurate Taxonomy of Scientific and Technical Knowledge?,1
301,"Why Are Extraverts More Satisfied? Personality, Social Experiences, and Subjective Well{\textendash}Being in College",1
302,Why Tourists Choose Airbnb: A Motivation-Based Segmentation Study,1
303,Why travelers use Airbnb again?,1
304,Word Embeddings for Practical Information Retrieval,1
305,Word2vec-based latent semantic analysis (W2V-{LSA}) for topic modeling: A study on blockchain technology trend analysis,1
306,ZmBART: An Unsupervised Cross-lingual Transfer Framework for Language Generation,1
307,``Participant'' Perceptions of Twitter Research Ethics,1
308,``You'' and ``I'' in a foreign land: The persuasive force of generic-you,1
309,beta-{VAE}: Learning Basic Visual Concepts with a Constrained Variational Framework,1
310,explosion/spaCy: v3.4.3: Extended Typer support and bug fixes,1
311,fastText Quick Start Guide: Get started with Facebook's library for text representation and classification,1
312,phylotree.js - a JavaScript library for application development and interactive data visualization in phylogenetics,1
293,{Automated Text Annotation for Social Media Data during Natural Disasters},1
292,"{BAMLSS}: Bayesian Additive Models for Location, Scale, and Shape (and Beyond)",1
291,{BART}-{TL}: Weakly-Supervised Topic Label Generation,1
290,"{Can topic models be used in research evaluations? Reproducibility, validity, and reliability when compared with semantic maps}",1
270,{DUTH} at {S}em{E}val-2021 Task 7: Is Conventional Machine Learning for Humorous and Offensive Tasks enough in 2021?,1
271,{Emotional foundations of the public climate change divide},1
272,{FLAIR}: An Easy-to-Use Framework for State-of-the-Art {NLP},1
273,{F}ew{R}el: A Large-Scale Supervised Few-Shot Relation Classification Dataset with State-of-the-Art Evaluation,1
274,{I}nterpreting {P}retrained {C}ontextualized {R}epresentations via {R}eductions to {S}tatic {E}mbeddings,1
275,"{LASSO}-type penalization in the framework of generalized additive models for location, scale and shape",1
276,{MPST}: A Corpus of Movie Plot Synopses with Tags,1
277,{MedBlock}: Efficient and Secure Medical Data Sharing Via Blockchain,1
278,{MixEHR}-Guided: A guided multi-modal topic modeling approach for large-scale automatic phenotyping using the electronic health record,1
269,{P}ara{NMT}-50{M}: Pushing the Limits of Paraphrastic Sentence Embeddings with Millions of Machine Translations,1
279,{Reparameterization Gradients through Acceptance-Rejection Sampling Algorithms},1
281,{SSC}-{EKE}: Semi-supervised classification with extensive knowledge exploitation,1
282,{S}em{E}val-2017 Task 4: Sentiment Analysis in {T}witter,1
283,{S}iamese Network-Based Supervised Topic Modeling,1
284,{The impact of e-service offerings on the demand of online customers},1
285,{T}axo{C}lass: Hierarchical Multi-Label Text Classification Using Only Class Names,1
286,{T}urku Neural Parser Pipeline: An End-to-End System for the {C}o{NLL} 2018 Shared Task,1
287,{T}witter Topic Modeling by Tweet Aggregation,1
288,{W}asserstein Generative Adversarial Networks,1
289,"{spaCy} 2: {Natural} language understanding with {Bloom} embeddings, convolutional neural networks and incremental parsing",1
781,{sureLDA}: A multidisease automated phenotyping method for the electronic health record,1
37,A Topic Model Based on Poisson Decomposition,2
43,A comparative evaluation of pre-processing techniques and their interactions for twitter sentiment analysis,2
52,A general framework to expand short text for topic modeling,2
13,A principled methodology for comparing relatedness measures for clustering publications,2
21,ATM:Adversarial-neural Topic Model,2
26,Adversarial Learning for Topic Models,2
32,An Unsupervised Neural Attention Model for Aspect Extraction,2
25,An integrated approach to path analysis for weighted citation networks,2
34,Applying {LDA} Topic Modeling in Communication Research: Toward a Valid and Reliable Methodology,2
54,Attention Is All You Need,2
49,Automated defect discovery for dishwasher appliances from online consumer reviews,2
50,Automated topic modeling of tourist reviews: Does the Anna Karenina principle apply?,2
55,Automatic Generation of Topic Labels,2
56,"BART: Denoising Sequence-to-Sequence Pre-training for Natural Language Generation, Translation, and Comprehension",2
23,Comparison of topic extraction approaches and their results,2
19,Content-Based Social Recommendation with Poisson Matrix Factorization,2
41,Discriminative Topic Mining via Category-Name Guided Text Embedding,2
40,Disentangled Representation Learning for Non-Parallel Text Style Transfer,2
42,Disentangling consumer recommendations: Explaining and predicting airline recommendations based on online reviews,2
28,Enhancing topic modeling for short texts with auxiliary word embeddings,2
29,Evaluating Topic Representations for Exploring Document Collections,2
30,Evaluating Visual Representations for Topic Understanding and Their Effects on Manually Generated Topic Labels,2
16,Guiding Corpus-based Set Expansion by Auxiliary Sets Generation and Co-Expansion,2
15,Incorporating product description to sentiment topic models for improved aspect-based sentiment analysis,2
17,Instance labeling in semi-supervised learning with meaning values of words,2
51,Is Automated Topic Model Evaluation Broken?: The Incoherence of Coherence,2
45,Language Models are Unsupervised Multitask Learners,2
38,Measuring LDA Topic Stability from Clusters of Replicated Runs,2
47,Measuring Topic Coherence through Optimal Word Buckets,2
44,Measuring service quality from unstructured data: A topic modeling application on airline passengers' online reviews,2
35,MetaLDA: a Topic Model that Efficiently Incorporates Meta information,2
24,Mining meaning from online ratings and reviews: Tourist satisfaction analysis using latent dirichlet allocation,2
22,Neural Topic Modeling with Bidirectional Adversarial Training,2
33,Poincar{\'e} Embeddings for Learning Hierarchical Representations,2
36,Re-Ranking Words to Improve Interpretability of Automatically Generated Topics,2
53,Spherical Text Embedding,2
20,The Pile: An 800GB Dataset of Diverse Text for Language Modeling,2
39,Topically Driven Neural Language Model,2
14,Two evidential data based models for influence maximization in Twitter,2
27,Universal Sentence Encoder,2
31,Using structural topic modeling to identify latent topics and trends in aviation incident reports,2
18,Weakly-Supervised Neural Text Classification,2
48,textblob Documentation,2
46,{BERT}: Pre-training of Deep Bidirectional Transformers for Language Understanding,2
11,Aggregated topic models for increasing social media topic coherence,3
9,Automated Phrase Mining from Massive Text Corpora,3
6,BERTScore: Evaluating Text Generation with BERT,3
10,Discovering Discrete Latent Topics with Neural Variational Inference,3
7,Doubly Nonparametric Sparse Nonnegative Matrix Factorization Based on Dependent Indian Buffet Processes,3
12,Efficient Correlated Topic Modeling with Topic Embedding,3
8,Neural Models for Documents with Metadata,3
3,RoBERTa: A Robustly Optimized BERT Pretraining Approach,4
5,Topic Modeling in Embedding Spaces,4
4,Topic Modeling with {W}asserstein Autoencoders,4
2,Sentence-BERT: Sentence Embeddings using Siamese BERT-Networks,5
1,Autoencoding Variational Inference For Topic Models,7
0,BERT: Pre-training of Deep Bidirectional Transformers for Language Understanding,9
